<?xml version="1.0" encoding="UTF-8" standalone="yes"?>
<addon id="plugin.video.pokervideosbrasil"	name="Poker Videos Brasil"	version="1.0.0"	provider-name="higor">
  <requires>
    <import addon="xbmc.python" version="2.13.0"/>
    <import addon="plugin.video.youtube" version="3.0.0"/>
  </requires>
  <extension point="xbmc.python.pluginsource" library="pokervideosbrasil.py">
    <provides>video</provides>
  </extension>
  <extension point="xbmc.addon.metadata">
    <summary lang="en">O plugin Poker Videos Brasil busca os videos do canal Poker Videos Brasil no YouTube.</summary>
    <description lang="en">Assista as Transmissões de poker na Band Sports.</description>
	<description lang="pt_BR">
			Assista as Transmissões desse esporte da mente no Band Sports.[CR]
			Assista ao programa Poker Night com Mirelle Moschella.[CR]
			Transmissões de grandes torneios como:[CR]
			BSOP: Brazilian Series Of Poker	- O maior evento de poker da América Latina[CR]
			CPH: Campeonato Paulista de Poker - Campeonato mais tradicional de poker do Brasil.		
		</description>
    <platform>all</platform>
	<website>https://www.youtube.com/channel/UCMwMuVRuK90nrzTjEHPy3ww</website>
  </extension>
</addon>
