<?xml version="1.0" encoding="UTF-8"?>
<addon id="plugin.video.hive" version="0.2.3" name="Hive" provider-name="ddurdle">
    <requires>
        <import addon="xbmc.python" version="2.1.0"/>
    </requires>
    <extension point="xbmc.python.pluginsource" library="default.py">
        <provides>video audio</provides>
    </extension>
    <extension point="xbmc.addon.metadata">
        <summary>Plays video and music from your Hive (QVIVO service) service</summary>
        <description>Plays video and music from your Hive cloud service. This addon is not affiliated with QVIVO</description>
        <platform>all</platform>
    </extension>
</addon>

