<?xml version="1.0" encoding="UTF-8" standalone="yes"?>
<addon id="plugin.video.cph.gruposuperpoker"	name="CPH - Grupo SuperPoker"	version="1.0.0"	provider-name="higor">
  <requires>
    <import addon="xbmc.python" version="2.13.0"/>
    <import addon="plugin.video.youtube" version="3.0.0"/>
  </requires>
  <extension point="xbmc.python.pluginsource" library="cph-poker.py">
    <provides>video</provides>
  </extension>
  <extension point="xbmc.addon.metadata">
    <summary lang="en">CPH - Grupo SuperPoker</summary>
	<summary lang="pt_BR">O Plugins CPH - Grupo SuperPoker busca os vídeos do canal Grupo SuperPoker no Youtube</summary>
    <description lang="en">Assista as transmissões do maior circuito de poker regional do Brasil - Campeonato Paulista de Hold'em.</description>
    <platform>all</platform>
	<website>https://www.youtube.com/channel/UC7tYg7VuMwVtgTBtnHIskTA</website>
  </extension>
</addon>
