<?xml version="1.0" encoding="UTF-8" standalone="yes"?>
<addon id="plugin.video.pipocandovideos"
	name="Pipocando"
	version="1.0.2"
	provider-name="kodi.tv">
  <requires>
    <import addon="xbmc.python" version="2.13.0"/>
    <import addon="plugin.video.youtube" version="3.0.0"/>
  </requires>
  <extension point="xbmc.python.pluginsource" library="default.py">
    <provides>video</provides>
  </extension>
  <extension point="xbmc.addon.metadata">
    <summary lang="en">Pipocando</summary>
    <description lang="en">Pipocando e um programa pra quem curte filmes, series, games e ziquizira.</description>
    <platform>all</platform>
  </extension>
</addon>
