﻿<?xml version="1.0" encoding="UTF-8" standalone="yes"?>
<addon id="script.chapters" name="Chapters" version="2.0.1" provider-name="Turhan Aydin, 999unreal">
  <requires>
    <import addon="xbmc.python" version="2.14.0"/>
  </requires>
  <extension point="xbmc.python.script" library="default.py" >
    <provides>executable</provides>
  </extension>
  <extension point="xbmc.addon.metadata">
    <summary lang="en">Allows you to use video chapters menu.</summary>
    <summary lang="ja">チャプターメニューを使用できます。</summary>
    <description lang="en">This addon displays a pop-up menu , such as Blu-ray.</description>
    <description lang="ja">このアドオンはブルーレイのようなポップアップメニューを表示します。</description>
    <platform>all</platform>
    <license>GNU GENERAL PUBLIC LICENSE. Version 2, June 1991</license>
  </extension>
</addon>
