<?xml version="1.0" encoding="UTF-8" standalone="yes"?>
<addon id="script.extendedinfo" name="ExtendedInfo Script" version="2.1.0" provider-name="phil65">
	<requires>
		<import addon="xbmc.python" version="2.1.0"/>
		<import addon="script.module.simplejson" version="2.0.10"/>
		<import addon="script.module.youtube.dl" version="14.519.1"/>
<!-- 		<import addon="script.module.buggalo" version="1.1.6"/>-->
		<import addon="script.module.pil" version="1.1.7"/>
	</requires>
	<extension point="xbmc.python.library"          library="default.py" />
	<extension point="xbmc.python.pluginsource"     library="plugin.py">
		<provides>video</provides>
	</extension>
	<extension point="xbmc.python.script"           library="default.py">
		<provides>executable</provides>
	</extension>
	<extension point="xbmc.addon.metadata">
		<language/>
		<summary lang="en">ExtendedInfo Script</summary>
		<description lang="en">This script offers various possibilities to display online content inside skins as well as a complete MovieDB browser including info dialogs for various media types. Used services are themoviedb.org, theaudiodb.org, rottentomatoes.com, Trakt.TV, omdbapi.com and a lot more. Needs skin implementation for lot of functions.</description>
		<platform>all</platform>
		<license>GNU GENERAL PUBLIC LICENSE Version 2, June 1991</license>
		<forum>http://forum.kodi.tv/showthread.php?tid=160558</forum>
		<source>https://github.com/phil65/script.extendedinfo</source>
		<email>phil65@kodi.tv</email>
	</extension>
</addon>
