<?xml version="1.0" encoding="utf-8"?>
<window type="dialog">
    <defaultcontrol>1000</defaultcontrol>
    <backgroundcolor>backgroundcolor</backgroundcolor>
    <coordinates>
        <posx>0</posx>
        <posy>0</posy>
        <system>1</system>
    </coordinates>
    <zorder>2</zorder>
    <controls>
        <control type="image">
            <texture>diffuseoverlay.png</texture>
            <width>1920</width>
            <height>1080</height>
            <animation effect="fade" end="100" time="560">WindowOpen</animation>
            <animation effect="fade" start="100" end="0" time="240">WindowClose</animation>
        </control>
        <control type="group">
            <posx>135</posx>
            <posy>400</posy>
            <animation type="WindowOpen" reversible="false">
                <effect type="zoom" start="80" end="100" center="960,540" tween="back" time="240" />
                <effect type="fade" end="100" time="240" />
            </animation>
            <animation type="WindowClose" reversible="false">
                <effect type="zoom" start="100" end="80" center="960,540" easing="in" tween="back" time="240" />
                <effect type="fade" start="100" end="0" time="240" />
            </animation>
            <control type="group">
                <control type="image">
                    <posx>-100</posx>
                    <posy>-350</posy>
                    <width>1850</width>
                    <height>752</height>
                    <texture border="50">featured/panel_featured.png</texture>
                </control>
                <control type="group" id="54000">
                    <posx>-8</posx>
                    <posy>-346</posy>
                    <control type="image" id="212">
                        <posx>624</posx>
                        <posy>23</posy>
                        <width>1110</width>
                        <height>698</height>
                        <aspectratio>scale</aspectratio>
                        <colordiffuse>44FFFFFF</colordiffuse>
                    </control>
                    <control type="image" id="211">
                        <posx>-68</posx>
                        <posy>23</posy>
                        <width>690</width>
                        <height>698</height>
                        <aspectratio>scale</aspectratio>
                    </control>
                    <control type="image" id="210">
                        <posx>1420</posx>
                        <posy>35</posy>
                        <width>297</width>
                        <height>200</height>
                        <aspectratio>keep</aspectratio>
                    </control>
                    <control type="grouplist">
                        <posx>630</posx>
                        <posy>30</posy>
                        <orientation>vertical</orientation>
                        <control type="label" id="201">
                            <width>1251</width>
                            <height>60</height>
                            <textoffsetx>15</textoffsetx>
                            <label>$INFO[Window(home).Property(EventName)]</label>
                            <font>Font_MainClassic3</font>
                        </control>
                        <control type="label" id="202">
                            <width>1251</width>
                            <height>30</height>
                            <textoffsetx>15</textoffsetx>
                            <label>$INFO[Window(home).Property(Label2)]</label>
                            <font>Font_Reg30_2</font>
                            <textcolor>white2</textcolor>
                        </control>
                        <control type="label" id="203">
                            <width>1251</width>
                            <height>30</height>
                            <textoffsetx>15</textoffsetx>
                            <label>$INFO[Window(home).Property(Name)]</label>
                            <font>Font_Reg30_2</font>
                            <textcolor>grey2</textcolor>
                        </control>
                        <control type="label" id="204">
                            <width>1251</width>
                            <height>30</height>
                            <textoffsetx>15</textoffsetx>
                            <label>$INFO[Window(home).Property(City)]$INFO[Window(home).Property(Street), - ]$INFO[Window(home).Property(Country), - ]</label>
                            <font>Font_Reg30_2</font>
                            <textcolor>grey2</textcolor>
                        </control>
                    </control>
                    <control type="textbox" id="200">
                        <posx>645</posx>
                        <posy>315</posy>
                        <width>710</width>
                        <height>338</height>
                        <aligny>top</aligny>
                        <font>Font_Reg30_2</font>
                        <textcolor>white6</textcolor>
                        <pagecontrol>1004</pagecontrol>
                        <autoscroll delay="5000" time="AutoScrollTime" repeat="8000">Skin.HasSetting(AutoScroll)</autoscroll>
                        <visible>!Control.IsVisible(500)</visible>
                    </control>
                    <control type="image">
                        <posx>652</posx>
                        <posy>670</posy>
                        <width>1040</width>
                        <height>1</height>
                        <texture>views/lowlistpanel_line.png</texture>
                    </control>
                    <control type="image">
                        <posx>1370</posx>
                        <posy>311</posy>
                        <width>350</width>
                        <height>350</height>
                        <aspectratio>keep</aspectratio>
                        <texture>$INFO[Container(500).ListItem.Property(artist_image)]</texture>
                    </control>
                    <control type="list" id="500">
                        <posx>620</posx>
                        <posy>320</posy>
                        <width>745</width>
                        <height>350</height>
                        <onleft>1000</onleft>
                        <onright>1000</onright>
                        <onup>1000</onup>
                        <ondown>1000</ondown>
                        <visible>ControlGroup(1000).HasFocus(1002)</visible>
                        <pagecontrol>61</pagecontrol>
                        <scrolltime>200</scrolltime>
                        <orientation>vertical</orientation>
                        <itemlayout height="50" width="745">
                            <control type="image">
                                <width>745</width>
                                <height>50</height>
                                <texture>button-nofocus.png</texture>
                            </control>
                            <control type="label">
                                <width>640</width>
                                <height>50</height>
                                <textoffsetx>15</textoffsetx>
                                <textcolor>grey2</textcolor>
                                <label>$INFO[ListItem.Property(artists)]</label>
                                <visible>IsEmpty(ListItem.Property(LibraryHasArtist))</visible>
                            </control>
                            <control type="label">
                                <width>640</width>
                                <height>50</height>
                                <textoffsetx>15</textoffsetx>
                                <label>$INFO[ListItem.Property(artists)]</label>
                                <visible>!IsEmpty(ListItem.Property(LibraryHasArtist))</visible>
                            </control>
                            <control type="label">
                                <posx>452</posx>
                                <width>300</width>
                                <height>50</height>
                                <textoffsetx>15</textoffsetx>
                                <align>right</align>
                                <label>$INFO[ListItem.Property(Date)]</label>
                                <scroll>true</scroll>
                            </control>
                            <control type="image">
                                <posx>675</posx>
                                <posy>7</posy>
                                <width>35</width>
                                <height>35</height>
                                <texture>OverlayWatched.png</texture>
                                <visible>IntegerGreaterThan(ListItem.Property(PlayCount),0)</visible>
                            </control>
                        </itemlayout>
                        <focusedlayout height="50" width="745">
                            <control type="group">
                                <visible>!Control.HasFocus(500)</visible>
                                <control type="image">
                                    <width>745</width>
                                    <height>50</height>
                                    <texture>button-nofocus.png</texture>
                                </control>
                                <control type="label">
                                    <width>640</width>
                                    <height>50</height>
                                    <textoffsetx>15</textoffsetx>
                                    <textcolor>grey2</textcolor>
                                    <label>$INFO[ListItem.Property(artists)]</label>
                                    <visible>IsEmpty(ListItem.Property(LibraryHasArtist))</visible>
                                </control>
                                <control type="label">
                                    <width>585</width>
                                    <height>50</height>
                                    <textoffsetx>15</textoffsetx>
                                    <label>$INFO[ListItem.Property(artists)]</label>
                                    <visible>!IsEmpty(ListItem.Property(LibraryHasArtist))</visible>
                                    <scroll>true</scroll>
                                </control>
                                <control type="label">
                                    <posx>452</posx>
                                    <width>300</width>
                                    <height>50</height>
                                    <textoffsetx>15</textoffsetx>
                                    <align>right</align>
                                    <label>$INFO[ListItem.Property(Date)]</label>
                                    <scroll>true</scroll>
                                </control>
                            </control>
                            <control type="group">
                                <visible>Control.HasFocus(500)</visible>
                                <control type="image">
                                    <width>745</width>
                                    <height>50</height>
                                    <texture>views/tripanel/listselect_fo.png</texture>
                                </control>
                                <control type="label">
                                    <width>640</width>
                                    <height>50</height>
                                    <textoffsetx>15</textoffsetx>
                                    <label>$INFO[ListItem.Property(artists)]</label>
                                    <visible>IsEmpty(ListItem.Property(LibraryHasArtist))</visible>
                                    <scroll>true</scroll>
                                </control>
                                <control type="label">
                                    <width>585</width>
                                    <height>50</height>
                                    <textoffsetx>15</textoffsetx>
                                    <label>$INFO[ListItem.Property(artists)]</label>
                                    <visible>!IsEmpty(ListItem.Property(LibraryHasArtist))</visible>
                                    <scroll>true</scroll>
                                </control>
                                <control type="label">
                                    <posx>452</posx>
                                    <width>300</width>
                                    <height>50</height>
                                    <textoffsetx>15</textoffsetx>
                                    <align>right</align>
                                    <label>$INFO[ListItem.Property(date)]</label>
                                    <scroll>true</scroll>
                                </control>
                            </control>
                            <control type="image">
                                <posx>675</posx>
                                <posy>7</posy>
                                <width>35</width>
                                <height>35</height>
                                <texture>OverlayWatched.png</texture>
                                <visible>IntegerGreaterThan(ListItem.Property(PlayCount),0)</visible>
                            </control>
                        </focusedlayout>
                    </control>
                    <control type="grouplist" id="1000">
                        <posx>627</posx>
                        <posy>258</posy>
                        <width>1373</width>
                        <onleft>5030</onleft>
                        <orientation>horizontal</orientation>
                        <onright>5030</onright>
                        <onup>500</onup>
                        <ondown>500</ondown>
                        <onleft>1000</onleft>
                        <onright>1000</onright>
                        <usecontrolcoords>true</usecontrolcoords>
                        <control type="button" id="1001">
                            <width>500</width>
                            <height>45</height>
                            <textoffsetx>20</textoffsetx>
                            <align>center</align>
                            <font>Font_Reg28</font>
                            <textcolor>grey2</textcolor>
                            <label>Show artist tour on map</label>
                            <focusedcolor>white3</focusedcolor>
                        </control>
                        <control type="button" id="1002">
                            <width>530</width>
                            <height>45</height>
                            <textoffsetx>20</textoffsetx>
                            <align>center</align>
                            <font>Font_Reg28</font>
                            <label>Venue schedule</label>
                            <textcolor>grey2</textcolor>
                            <focusedcolor>white3</focusedcolor>
                        </control>
<!--                         <control type="button" id="1003">
                            <width>330</width>
                            <height>45</height>
                            <textoffsetx>20</textoffsetx>
                            <align>center</align>
                            <label>$ADDON[script.maps.browser 31927]</label>
                            <textcolor>grey2</textcolor>
                            <font>Font_Reg28</font>
                            <focusedcolor>white3</focusedcolor>
                            <onclick>SetProperty(listcontent,$INFO[Window(home).Property(Headliner)],home)</onclick>
                            <onclick>ActivateWindow(1168)</onclick>
                        </control> -->
                    </control>
                </control>
                <control type="image">
                    <posx>-79</posx>
                    <posy>-329</posy>
                    <width>1808</width>
                    <height>710</height>
                    <texture border="50">featured/panel_featured_overlay.png</texture>
                </control>
            </control>
        </control>
    </controls>
</window>
