<?xml version="1.0" encoding="UTF-8" standalone="yes"?>
<addon id="script.extendedinfo" name="ExtendedInfo Script" version="2.0.4" provider-name="phil65">
	<requires>
		<import addon="xbmc.python" version="2.1.0"/>
		<import addon="script.module.simplejson" version="2.0.10"/>
		<import addon="script.module.youtube.dl" version="14.519.1"/>
		<import addon="script.module.buggalo" version="1.1.6"/>
		<import addon="script.module.pil" version="1.1.7"/>
	</requires>
	<extension point="xbmc.python.library"          library="default.py" />
	<extension point="xbmc.python.pluginsource"     library="default.py" />
	<extension point="xbmc.python.script"           library="default.py">
		<provides>executable</provides>
	</extension>
	<extension point="xbmc.addon.metadata">
		<language/>
		<summary lang="en">Extended Info Script</summary>
		<description lang="en">This script offers various possibilities to display online content inside skins. Used services are themoviedb.org, theaudiodb.org, rottentomatoes.com, Trakt.TV and a lot more. Can also be used for importing / exporting skin settings, adding additional fanart stuff to library and cooking eggs. Needs skin support for most functions.</description>
		<platform>all</platform>
		<license>GNU GENERAL PUBLIC LICENSE Version 2, June 1991</license>
		<forum>-</forum>
		<source>-</source>
		<email>-</email>
	</extension>
</addon>
