<window id="3000">
	<defaultcontrol always="true">9000</defaultcontrol>
	<allowoverlay>no</allowoverlay>
	<controls>
		<control type="list" id="50">
			<description>container actor properties</description>
			<posx>0</posx>
			<posy>0</posy>
			<width>1</width>
			<height>1</height>
			<onleft>9000</onleft>
			<onright>9000</onright>
			<onup>9000</onup>
			<ondown>9000</ondown>
			<viewtype label="Actor">list</viewtype>
			<pagecontrol>-</pagecontrol>
			<itemlayout height="1" width="1" />
			<focusedlayout height="1" width="1" />
		</control>

		<control type="group">
			<visible>![Window.IsVisible(FileBrowser) | Window.IsVisible(script-Actors-Browser.xml) | [Window.IsVisible(DialogSelect.xml) + StringCompare(Window.Property(actorsselect),1)]]</visible>
			<animation effect="slide" start="1100,0" end="0,0" time="400" tween="quadratic" easing="out">WindowOpen</animation>
			<animation effect="slide" start="0,0" end="1100,0" time="400" tween="quadratic" easing="out">WindowClose</animation>
			<control type="image">
				<posx>180</posx>
				<posy>0</posy>
				<width>1100</width>
				<height>720</height>
				<texture border="15,0,0,0" flipx="true">MediaBladeSub.png</texture>
			</control>
			<control type="button">
				<description>Close Window button</description>
				<posx>230</posx>
				<posy>0</posy>
				<width>64</width>
				<height>32</height>
				<label>-</label>
				<font>-</font>
				<onclick>PreviousMenu</onclick>
				<texturefocus>DialogCloseButton-focus.png</texturefocus>
				<texturenofocus>DialogCloseButton.png</texturenofocus>
				<onleft>9000</onleft>
				<onright>9000</onright>
				<onup>9000</onup>
				<ondown>9000</ondown>
				<visible>system.getbool(input.enablemouse)</visible>
			</control>
			<control type="group">
				<animation effect="fade" delay="400" start="0" end="100" time="200">WindowOpen</animation>
				<animation effect="fade" start="100" end="0" time="200">WindowClose</animation>
				<control type="label">
					<description>header label</description>
					<posx>210</posx>
					<posy>40</posy>
					<width>1030</width>
					<height>30</height>
					<font>font24_title</font>
					<label>$INFO[Listitem.Title]</label>
					<align>center</align>
					<aligny>center</aligny>
					<textcolor>white</textcolor>
					<shadowcolor>black</shadowcolor>
				</control>

				<control type="group">
					<visible>Control.HasFocus(20)</visible>
					<posy>90</posy>
					<posx>387</posx>
					<animation effect="fade" time="300">Visible</animation>
					<animation effect="fade" time="300">Hidden</animation>
					<control type="image">
						<description>Current Fanart image</description>
						<posx>0</posx>
						<posy>0</posy>
						<width>675</width>
						<height>380</height>
						<texture background="true">$INFO[ListItem.Property(Fanart_Image)]</texture>
						<bordertexture border="5">button-nofocus.png</bordertexture>
						<bordersize>4</bordersize>
						<aspectratio>keep</aspectratio>
						<visible>!IsEmpty(Listitem.Property(Fanart_Image))</visible>
					</control>
					<control type="group">
						<visible>IsEmpty(Listitem.Property(Fanart_Image))</visible>
						<control type="image">
							<description>No Fanart Back</description>
							<posx>0</posx>
							<posy>0</posy>
							<width>675</width>
							<height>380</height>
							<texture>Fanart_Fallback_Small.jpg</texture>
							<bordertexture border="5">button-nofocus.png</bordertexture>
							<bordersize>4</bordersize>
							<aspectratio>stretch</aspectratio>
							<colordiffuse>99FFFFFF</colordiffuse>
						</control>
						<control type="label">
							<posx>0</posx>
							<posy>0</posy>
							<width>675</width>
							<height>380</height>
							<font>font30_title</font>
							<textcolor>white</textcolor>
							<shadowcolor>black</shadowcolor>
							<align>center</align>
							<aligny>center</aligny>
							<label>$ADDON[script.metadata.actors 32311]</label>
						</control>
					</control>
				</control>
				<control type="group">
					<visible>![Control.HasFocus(20) | [Control.HasFocus(10) + IntegerGreaterThan(Container(250).NumItems,0)] | ControlGroup(2500).HasFocus]</visible>
					<posy>90</posy>
					<posx>210</posx>
					<animation effect="fade" time="300">Visible</animation>
					<animation effect="fade" time="300">Hidden</animation>
					<control type="image">
						<posx>0</posx>
						<posy>0</posy>
						<width>270</width>
						<height>380</height>
						<aspectratio>stretch</aspectratio>
						<fadetime>500</fadetime>
						<bordertexture border="5">button-nofocus.png</bordertexture>
						<bordersize>4</bordersize>
						<texture background="true">$INFO[ListItem.Icon]</texture>
					</control>
					<control type="image">
						<posx>4</posx>
						<posy>4</posy>
						<width>200</width>
						<height>230</height>
						<aspectratio>stretch</aspectratio>
						<texture>GlassOverlay.png</texture>
						<colordiffuse>AAFFFFFF</colordiffuse>
					</control>
					<control type="image">
						<posx>8</posx>
						<posy>385</posy>
						<width>40</width>
						<height>40</height>
						<aspectratio>keep</aspectratio>
						<texture>bdaycake.png</texture>
						<visible>!IsEmpty(ListItem.Property(HappyBirthday)) + !Control.IsVisible(150)</visible>
					</control>
					<control type="list" id="49">
						<posx>290</posx>
						<posy>20</posy>
						<width>740</width>
						<height>330</height>
						<onleft>49</onleft>
						<onright>49</onright>
						<onup>9000</onup>
						<ondown>61</ondown>
						<pagecontrol>-</pagecontrol>
						<scrolltime>200</scrolltime>
						<itemlayout height="30">
							<control type="label">
								<posx>165</posx>
								<posy>0</posy>
								<width>160</width>
								<height>30</height>
								<font>font13</font>
								<align>right</align>
								<aligny>center</aligny>
								<textcolor>blue</textcolor>
								<selectedcolor>selected</selectedcolor>
								<info>ListItem.Label</info>
							</control>
							<control type="label">
								<posx>175</posx>
								<posy>0</posy>
								<width>565</width>
								<height>30</height>
								<font>font13</font>
								<align>left</align>
								<aligny>center</aligny>
								<textcolor>white</textcolor>
								<selectedcolor>white</selectedcolor>
								<info>ListItem.Label2</info>
							</control>
						</itemlayout>
						<focusedlayout height="30">
							<control type="image">
								<posx>0</posx>
								<posy>0</posy>
								<width>740</width>
								<height>30</height>
								<visible>Control.HasFocus(49)</visible>
								<texture>MenuItemFO.png</texture>
								<animation effect="fade" time="300">Visible</animation>
								<animation effect="fade" time="300">Hidden</animation>
							</control>
							<control type="label">
								<posx>165</posx>
								<posy>0</posy>
								<width>160</width>
								<height>30</height>
								<font>font13</font>
								<align>right</align>
								<aligny>center</aligny>
								<textcolor>blue</textcolor>
								<selectedcolor>selected</selectedcolor>
								<info>ListItem.Label</info>
							</control>
							<control type="label">
								<posx>175</posx>
								<posy>0</posy>
								<width>565</width>
								<height>30</height>
								<font>font13</font>
								<align>left</align>
								<aligny>center</aligny>
								<textcolor>white</textcolor>
								<selectedcolor>white</selectedcolor>
								<info>ListItem.Label2</info>
							</control>
						</focusedlayout>
						<content>
							<item>
								<label>$ADDON[script.metadata.actors 32011]:</label>
								<label2>$INFO[ListItem.Property(TotalMovies)]</label2>
								<onclick>-</onclick>
								<visible>!IsEmpty(ListItem.Property(TotalMovies))</visible>
							</item>
							<item>
								<label>$ADDON[script.metadata.actors 32012]:</label>
								<label2>$INFO[ListItem.Property(Birthday)]$INFO[ListItem.Property(AgeLong), (,)]</label2>
								<onclick>-</onclick>
								<visible>!IsEmpty(ListItem.Property(Birthday))</visible>
							</item>
							<item>
								<label>$ADDON[script.metadata.actors 32013]:</label>
								<label2>$INFO[ListItem.Property(Deathday)]$INFO[ListItem.Property(DeathageLong), (,)]</label2>
								<onclick>-</onclick>
								<visible>!IsEmpty(ListItem.Property(Deathday))</visible>
							</item>
							<item>
								<label>$ADDON[script.metadata.actors 32014]:</label>
								<label2>$INFO[ListItem.Property(PlaceOfBirth)]</label2>
								<onclick>-</onclick>
								<visible>!IsEmpty(ListItem.Property(PlaceOfBirth))</visible>
							</item>
							<item>
								<label>$ADDON[script.metadata.actors 32015]:</label>
								<label2>$INFO[ListItem.Property(Adult)]</label2>
								<onclick>-</onclick>
								<visible>!IsEmpty(ListItem.Property(Adult))</visible>
							</item>
							<item>
								<label>$ADDON[script.metadata.actors 32016]:</label>
								<label2>$INFO[ListItem.Property(AlsoKnownAs)]</label2>
								<onclick>-</onclick>
								<visible>!IsEmpty(ListItem.Property(AlsoKnownAs))</visible>
							</item>
							<item>
								<label>$ADDON[script.metadata.actors 32017]:</label>
								<label2>$INFO[ListItem.Property(Homepage)]</label2>
								<onclick>RunScript(script.metadata.actors,homepage=$INFO[ListItem.Property(Homepage)])</onclick>
								<visible>!IsEmpty(ListItem.Property(Homepage))</visible>
							</item>
						</content>
					</control>
					<control type="image">
						<posx>290</posx>
						<posy>370</posy>
						<width>740</width>
						<height>4</height>
						<aspectratio>stretch</aspectratio>
						<texture>separator.png</texture>
					</control>
				</control>
				<control type="group">
					<visible>!ControlGroup(2500).HasFocus</visible>
					<animation effect="fade" time="300">Visible</animation>
					<animation effect="fade" time="300">Hidden</animation>
					<control type="label">
						<posx>130r</posx>
						<posy>480</posy>
						<width>400</width>
						<height>30</height>
						<font>font13_title</font>
						<textcolor>grey2</textcolor>
						<shadowcolor>black</shadowcolor>
						<scroll>true</scroll>
						<align>right</align>
						<aligny>center</aligny>
						<label>[COLOR=blue]$LOCALIZE[21887][/COLOR]$INFO[Container(400).CurrentPage, ( $ADDON[script.metadata.actors 32024] ]$INFO[Container(400).NumPages,/, )]</label>
						<visible>Control.IsVisible(400)</visible>
					</control>
					<control type="label">
						<posx>130r</posx>
						<posy>480</posy>
						<width>400</width>
						<height>30</height>
						<font>font13_title</font>
						<textcolor>grey2</textcolor>
						<shadowcolor>black</shadowcolor>
						<scroll>true</scroll>
						<align>right</align>
						<aligny>center</aligny>
						<label>[COLOR=blue]$ADDON[script.metadata.actors 32010][/COLOR]$INFO[Container(150).CurrentPage, ( $ADDON[script.metadata.actors 32024] ]$INFO[Container(150).NumPages,/, )]</label>
						<visible>Control.IsVisible(150)</visible>
					</control>
					<control type="spincontrol" id="61">
						<description>Next page button</description>
						<!-- hitrect is added for simulate scrolling textbox with mouse. coordinate based on textbox -->
						<hitrect x="210" y="515" w="1030" h="120" />
						<posx>120r</posx>
						<posy>485</posy>
						<subtype>page</subtype>
						<font>-</font>
						<onleft>61</onleft>
						<onright>61</onright>
						<ondown>9000</ondown>
						<onup>49</onup>
						<textcolor>-</textcolor>
						<showonepage>true</showonepage>
						<textureup>scroll-up-2.png</textureup>
						<texturedown>scroll-down-2.png</texturedown>
						<textureupfocus>scroll-up-focus-2.png</textureupfocus>
						<texturedownfocus>scroll-down-focus-2.png</texturedownfocus>
						<align>right</align>
						<width>33</width>
						<height>22</height>
						<reverse>yes</reverse>
						<disabledcolor>grey3</disabledcolor>
						<textoffsetx>-5</textoffsetx>
						<textoffsety>0</textoffsety>
						<aligny>-</aligny>
						<pulseonselect>no</pulseonselect>
					</control>
				</control>
				<control type="textbox" id="400">
					<description>Description Value for Movies</description>
					<posx>210</posx>
					<posy>515</posy>
					<width>1030</width>
					<height>120</height>
					<font>font12</font>
					<align>justify</align>
					<textcolor>white</textcolor>
					<pagecontrol>61</pagecontrol>
					<label>$INFO[ListItem.Plot]</label>
					<!--<label>$INFO[ListItem.Property(Biography)]</label>-->
					<autoscroll time="3000" delay="4000" repeat="5000">!Control.HasFocus(61) + Skin.HasSetting(AutoScroll)</autoscroll>
					<visible>!Control.IsVisible(150)</visible>
				</control>
				<control type="image">
					<description>movie image</description>
					<posx>210</posx>
					<posy>480</posy>
					<width>160</width>
					<height>160</height>
					<texture background="true" fallback="DefaultVideo.png">$INFO[Container(150).Listitem.Icon]</texture>
					<aspectratio>keep</aspectratio>
					<visible>Control.IsVisible(150)</visible>
				</control>
				<control type="grouplist">
					<visible>Control.IsVisible(150)</visible>
					<posx>380</posx>
					<posy>480</posy>
					<width>430</width>
					<height>150</height>
					<itemgap>0</itemgap>
					<control type="label">
						<width>400</width>
						<height>30</height>
						<font>font13_title</font>
						<textcolor>grey2</textcolor>
						<shadowcolor>black</shadowcolor>
						<scroll>true</scroll>
						<align>left</align>
						<aligny>center</aligny>
						<label>$INFO[Container(150).ListItem.Title]</label>
						<visible>!IsEmpty(Container(150).ListItem.Title)</visible>
					</control>
					<control type="label">
						<height>5</height>
						<font>-</font>
						<label>-</label>
					</control>
					<control type="label">
						<width>400</width>
						<height>20</height>
						<font>font12</font>
						<textcolor>white</textcolor>
						<shadowcolor>black</shadowcolor>
						<scroll>true</scroll>
						<align>left</align>
						<aligny>center</aligny>
						<label>[COLOR=blue]$LOCALIZE[20376]:[/COLOR] $INFO[Container(150).ListItem.OriginalTitle]</label>
						<visible>!IsEmpty(Container(150).ListItem.OriginalTitle) + !stringcompare(Container(150).ListItem.OriginalTitle,Container(150).Listitem.Title)</visible>
					</control>
					<control type="label">
						<width>400</width>
						<height>20</height>
						<font>font12</font>
						<textcolor>white</textcolor>
						<shadowcolor>black</shadowcolor>
						<scroll>true</scroll>
						<align>left</align>
						<aligny>center</aligny>
						<label>[COLOR=blue]$ADDON[script.metadata.actors 32022]:[/COLOR] $INFO[Container(150).ListItem.Property(releasedate)]</label>
						<visible>!IsEmpty(Container(150).ListItem.Property(releasedate))</visible>
					</control>
					<control type="label">
						<width>400</width>
						<height>20</height>
						<font>font12</font>
						<textcolor>white</textcolor>
						<shadowcolor>black</shadowcolor>
						<scroll>true</scroll>
						<align>left</align>
						<aligny>center</aligny>
						<label>[COLOR=blue]$LOCALIZE[562]:[/COLOR] $INFO[Container(150).ListItem.Year]</label>
						<visible>!IsEmpty(Container(150).ListItem.Year)</visible>
					</control>
					<control type="label">
						<width>400</width>
						<height>20</height>
						<font>font12</font>
						<textcolor>white</textcolor>
						<shadowcolor>black</shadowcolor>
						<scroll>true</scroll>
						<align>left</align>
						<aligny>center</aligny>
						<label>[COLOR=blue]$ADDON[script.metadata.actors 32018]:[/COLOR] $INFO[Container(150).ListItem.Property(role)]</label>
						<visible>!IsEmpty(Container(150).ListItem.Property(role))</visible>
					</control>
					<control type="label">
						<width>400</width>
						<height>20</height>
						<font>font12</font>
						<textcolor>white</textcolor>
						<shadowcolor>black</shadowcolor>
						<scroll>true</scroll>
						<align>left</align>
						<aligny>center</aligny>
						<label>[COLOR=blue]$ADDON[script.metadata.actors 32019]:[/COLOR] $INFO[Container(150).ListItem.Property(job)]</label>
						<visible>!IsEmpty(Container(150).ListItem.Property(job))</visible>
					</control>
				</control>

				<control type="list" id="150">
					<description>movies list</description>
					<visible>StringCompare(Window.Property(showmovies),1)</visible>
					<posx>810</posx>
					<posy>520</posy>
					<width>430</width>
					<height>120</height>
					<onleft>9000</onleft>
					<onright>61</onright>
					<onup>61</onup>
					<ondown>9000</ondown>
					<pagecontrol>61</pagecontrol>
					<scrolltime>200</scrolltime>
					<orientation>vertical</orientation>
					<itemlayout height="40" width="430">
						<control type="image">
							<posx>0</posx>
							<posy>0</posy>
							<width>430</width>
							<height>40</height>
							<texture border="5">button-nofocus.png</texture>
						</control>
						<control type="label">
							<posx>10</posx>
							<posy>0</posy>
							<width>410</width>
							<height>40</height>
							<font>font12</font>
							<align>left</align>
							<aligny>center</aligny>
							<selectedcolor>selected</selectedcolor>
							<label>$INFO[ListItem.Label]</label>
							<visible>IsEmpty(ListItem.Property(LibraryHasMovie))</visible>
						</control>
						<control type="label">
							<posx>10</posx>
							<posy>0</posy>
							<width>390</width>
							<height>40</height>
							<font>font12</font>
							<align>left</align>
							<aligny>center</aligny>
							<selectedcolor>selected</selectedcolor>
							<label>$INFO[ListItem.Label]</label>
							<visible>!IsEmpty(ListItem.Property(LibraryHasMovie))</visible>
						</control>
						<control type="label">
							<posx>420</posx>
							<posy>0</posy>
							<width>410</width>
							<height>40</height>
							<font>font12</font>
							<align>right</align>
							<aligny>center</aligny>
							<selectedcolor>selected</selectedcolor>
							<label>$INFO[ListItem.Year]</label>
							<animation effect="slide" start="0,0" end="-30,0" time="0" condition="!IsEmpty(ListItem.Property(LibraryHasMovie))">Conditional</animation>
						</control>
						<control type="image">
							<posx>400</posx>
							<posy>14</posy>
							<width>20</width>
							<height>16</height>
							<texture>OverlayWatched.png</texture>
							<visible>!IsEmpty(ListItem.Property(LibraryHasMovie)) + !IntegerGreaterThan(ListItem.Property(PlayCount),0)</visible>
						</control>
						<control type="image">
							<posx>400</posx>
							<posy>14</posy>
							<width>20</width>
							<height>16</height>
							<texture>OverlayWatched.png</texture>
							<visible>IntegerGreaterThan(ListItem.Property(PlayCount),0)</visible>
							<colordiffuse>selected</colordiffuse>
						</control>
					</itemlayout>
					<focusedlayout height="40" width="430">
						<control type="image">
							<posx>0</posx>
							<posy>0</posy>
							<width>430</width>
							<height>40</height>
							<visible>!Control.HasFocus(150)</visible>
							<texture border="5">button-nofocus.png</texture>
						</control>
						<control type="image">
							<posx>0</posx>
							<posy>0</posy>
							<width>430</width>
							<height>40</height>
							<visible>Control.HasFocus(150)</visible>
							<texture border="5">button-focus2.png</texture>
						</control>
						<control type="label">
							<posx>10</posx>
							<posy>0</posy>
							<width>410</width>
							<height>40</height>
							<font>font12</font>
							<align>left</align>
							<aligny>center</aligny>
							<selectedcolor>selected</selectedcolor>
							<label>$INFO[ListItem.Label]</label>
							<visible>IsEmpty(ListItem.Property(LibraryHasMovie))</visible>
						</control>
						<control type="label">
							<posx>10</posx>
							<posy>0</posy>
							<width>390</width>
							<height>40</height>
							<font>font12</font>
							<align>left</align>
							<aligny>center</aligny>
							<selectedcolor>selected</selectedcolor>
							<label>$INFO[ListItem.Label]</label>
							<visible>!IsEmpty(ListItem.Property(LibraryHasMovie))</visible>
						</control>
						<control type="label">
							<posx>420</posx>
							<posy>0</posy>
							<width>410</width>
							<height>40</height>
							<font>font12</font>
							<align>right</align>
							<aligny>center</aligny>
							<selectedcolor>selected</selectedcolor>
							<label>$INFO[ListItem.Year]</label>
							<animation effect="slide" start="0,0" end="-30,0" time="0" condition="!IsEmpty(ListItem.Property(LibraryHasMovie))">Conditional</animation>
						</control>
						<control type="image">
							<posx>400</posx>
							<posy>14</posy>
							<width>20</width>
							<height>16</height>
							<texture>OverlayWatched.png</texture>
							<visible>!IsEmpty(ListItem.Property(LibraryHasMovie)) + !IntegerGreaterThan(ListItem.Property(PlayCount),0)</visible>
						</control>
						<control type="image">
							<posx>400</posx>
							<posy>14</posy>
							<width>20</width>
							<height>16</height>
							<texture>OverlayWatched.png</texture>
							<visible>IntegerGreaterThan(ListItem.Property(PlayCount),0)</visible>
							<colordiffuse>selected</colordiffuse>
						</control>
					</focusedlayout>
				</control>

				<control type="group" id="2500">
					<visible>[Control.HasFocus(10) + IntegerGreaterThan(Container(250).NumItems,0)] | ControlGroup(2500).HasFocus</visible>
					<posx>210</posx>
					<posy>90</posy>
					<animation effect="fade" time="300">Visible</animation>
					<animation effect="fade" time="300">Hidden</animation>
					<control type="button">
						<description>dummy fixe mouse nav</description>
						<posx>-210</posx>
						<posy>-90</posy>
						<height>660</height>
						<width>1280</width>
						<texturefocus>-</texturefocus>
						<texturenofocus>-</texturenofocus>
						<label>-</label>
					</control>
					<control type="wraplist" id="250">
						<posx>0</posx>
						<posy>0</posy>
						<width>1030</width>
						<height>360</height>
						<onleft>250</onleft>
						<onright>250</onright>
						<onup>9000</onup>
						<ondown>60</ondown>
						<pagecontrol>60</pagecontrol>
						<scrolltime>300</scrolltime>
						<focusposition>2</focusposition>
						<orientation>horizontal</orientation>
						<preloaditems>5</preloaditems>
						<itemlayout height="360" width="206">
							<control type="image">
								<posx>13</posx>
								<posy>80</posy>
								<width>180</width>
								<height>280</height>
								<aspectratio aligny="bottom">keep</aspectratio>
								<bordertexture border="5">button-nofocus.png</bordertexture>
								<bordersize>5</bordersize>
								<texture background="true">$INFO[ListItem.Icon]</texture>
							</control>
						</itemlayout>
						<focusedlayout height="360" width="206">
							<control type="image">
								<posx>13</posx>
								<posy>80</posy>
								<width>180</width>
								<height>280</height>
								<aspectratio aligny="bottom">keep</aspectratio>
								<bordertexture border="5">button-nofocus.png</bordertexture>
								<bordersize>5</bordersize>
								<texture background="true">$INFO[ListItem.Icon]</texture>
								<animation reversible="false" effect="zoom" start="13,80,180,280" end="-12,0,230,360" time="300">focus</animation>
								<animation reversible="false" effect="zoom" end="13,80,180,280" start="-12,0,230,360" time="300">unfocus</animation>
							</control>
						</focusedlayout>
					</control>
					<control type="scrollbar" id="60">
						<posx>185</posx>
						<posy>360</posy>
						<width>660</width>
						<height>25</height>
						<texturesliderbackground border="14,0,14,0">ScrollBarH.png</texturesliderbackground>
						<texturesliderbar border="14,0,14,0">ScrollBarH_bar.png</texturesliderbar>
						<texturesliderbarfocus border="14,0,14,0">ScrollBarH_bar_focus.png</texturesliderbarfocus>
						<textureslidernib>ScrollBarNib.png</textureslidernib>
						<textureslidernibfocus>ScrollBarNib.png</textureslidernibfocus>
						<onup>250</onup>
						<ondown>9000</ondown>
						<showonepage>false</showonepage>
						<orientation>horizontal</orientation>
						<visible>Control.IsVisible(250)</visible>
					</control>
					<control type="label">
						<posx>0</posx>
						<posy>385</posy>
						<width>1030</width>
						<height>25</height>
						<font>font12</font>
						<textcolor>grey2</textcolor>
						<selectedcolor>selected</selectedcolor>
						<align>center</align>
						<aligny>center</aligny>
						<label>[COLOR=blue]$LOCALIZE[553]:[/COLOR] $INFO[Container(250).ListItem.Label]  [COLOR=blue]Ratio:[/COLOR] $INFO[Container(250).ListItem.Property(aspect_ratio)]</label>
						<visible>ControlGroup(2500).HasFocus</visible>
						<animation effect="fade" time="300">Visible</animation>
						<animation effect="fade" time="300">Hidden</animation>
					</control>
				</control>

				<control type="grouplist" id="9000">
					<posx>210</posx>
					<posy>660</posy>
					<width>1030</width>
					<height>40</height>
					<itemgap>2</itemgap>
					<align>center</align>
					<orientation>horizontal</orientation>
					<onleft>9000</onleft>
					<onright>9000</onright>
					<onup>150</onup>
					<ondown>49</ondown>
					<control type="group" id="21">
						<visible>!IsEmpty(Container(50).Property(ParentDir))</visible>
						<width>40</width>
						<control type="button" id="22">
							<description>parent dir push button</description>
							<posx>0</posx>
							<posy>0</posy>
							<width>40</width>
							<height>40</height>
							<label>1036</label>
							<font>-</font>
							<aligny>-</aligny>
							<onclick>ParentDir</onclick>
							<texturefocus border="5">floor_buttonFO.png</texturefocus>
							<texturenofocus border="5">floor_button.png</texturenofocus>
							<onleft>25</onleft>
							<onright>8</onright>
							<onup>150</onup>
							<ondown>49</ondown>
						</control>
						<control type="image" id="23">
							<description>parent dir Icon</description>
							<posx>5</posx>
							<posy>5</posy>
							<width>30</width>
							<height>30</height>
							<aspectratio>keep</aspectratio>
							<texture>icon_back.png</texture>
						</control>
					</control>
					<control type="button" id="8">
						<description>browse to Show</description>
						<include>ButtonInfoDialogsCommonValues</include>
						<label>1024</label>
					</control>
					<control type="togglebutton" id="105">
						<description>Filmography/Biography</description>
						<include>ButtonInfoDialogsCommonValues</include>
						<label>$ADDON[script.metadata.actors 32010]</label>
						<altlabel>21887</altlabel>
						<alttexturefocus border="2">button-focus.png</alttexturefocus>
						<alttexturenofocus border="2">button-nofocus.png</alttexturenofocus>
						<usealttexture>StringCompare(Window.Property(showmovies),1)</usealttexture>
						<altclick>ClearProperty(showmovies)</altclick>
						<onclick>SetProperty(showmovies,1)</onclick>
					</control>
					<control type="button" id="6">
						<description>Refresh</description>
						<include>ButtonInfoDialogsCommonValues</include>
						<label>184</label>
					</control>
					<control type="button" id="10">
						<description>Get Thumb</description>
						<include>ButtonInfoDialogsCommonValues</include>
						<label>13405</label>
					</control>
					<control type="button" id="20">
						<description>Get Fanart</description>
						<include>ButtonInfoDialogsCommonValues</include>
						<label>20413</label>
					</control>
					<control type="button" id="11">
						<description>edit (require tmdb account)</description>
						<include>ButtonInfoDialogsCommonValues</include>
						<label>20067</label>
					</control>
					<control type="button" id="25">
						<description>addon settings</description>
						<include>ButtonInfoDialogsCommonValues</include>
						<label>24002</label>
					</control>
				</control>
			</control>
		</control>
		<include>Clock</include>
	</controls>
</window>
