<?xml version="1.0" encoding="UTF-8" standalone="yes"?>
<addon id="script.home" name="HomeWindow Script" version="0.0.1" provider-name="phil65">
	<requires>
		<import addon="xbmc.python" version="2.1.0"/>
		<import addon="script.module.simplejson" version="2.0.10"/>
	</requires>
	<extension point="xbmc.python.library"          library="default.py" />
	<extension point="xbmc.addon.metadata">
		<language/>
		<summary lang="en">HomeWindow Script</summary>
		<description lang="en">THomeWindow Script</description>
		<platform>all</platform>
		<license>GNU GENERAL PUBLIC LICENSE Version 2, June 1991</license>
		<forum>-</forum>
		<source>-</source>
		<email>-</email>
	</extension>
</addon>
