<window id="20000">
    <!-- defaultcontrol>50</defaultcontrol -->
    <!--views>30050,30051</views-->
    <allowoverlay>no</allowoverlay>
    <coordinates>
        <system>1</system>
        <posx>0</posx>
        <posy>0</posy>
    </coordinates>
    <animation effect="fade" time="250">WindowOpen</animation>
    <animation effect="fade" time="250">WindowClose</animation>
    <controls>
        <control type="group">
            <!-- Fake Labels -->
            <control type="label" id="30001">
                <posx>-2000</posx>
                <posy>-2000</posy>
                <label>-</label>
                <width>10</width>
                <height>10</height>
            </control>
            <control type="label" id="30002">
                <posx>-20000</posx>
                <posy>-2000</posy>
                <label>-</label>
                <width>100</width>
                <height>10</height>
            </control>
            
            <!-- Regular Controls -->
            <control type="group">
                <visible>!substring(Control.GetLabel(30002),label2) + !substring(Control.GetLabel(30001),thumb)</visible>
                <posx>-30</posx>
                <posy>0</posy>
                <control type="image">
                    <posx>0</posx>
                    <posy>0</posy>
                    <width>470</width>
                    <height>730</height>
                    <texture border="40,30,35,30">panel-default.png</texture>
                </control>
                <control type="label" id="30010">
                    <posx>40</posx>
                    <posy>20</posy>
                    <label>32020</label>
                    <width>400</width>
                    <height>48</height>
                    <font>font18</font>
                    <aligny>center</aligny>
                    <textcolor>white</textcolor>
                    <align>left</align>
                </control>
                <control type="list" id="30050">
                    <posx>40</posx>
                    <posy>24</posy>
                    <width>540</width>
                    <height>675</height>
                    <viewtype label="537">list</viewtype>
                    <scrolltime>200</scrolltime>
                    <itemlayout height="25">
                        <control type="label">
                            <posx>10</posx>
                            <posy>1</posy>
                            <width>380</width>
                            <height>22</height>
                            <font>font18</font>
                            <aligny>center</aligny>
                            <textcolor>white</textcolor>
                            <shadowcolor>black</shadowcolor>
                            <selectedcolor>green</selectedcolor>
                            <align>left</align>
                            <info>ListItem.Label</info>
                        </control>          
                    </itemlayout>
                    <focusedlayout height="25">
                        <control type="image">
                            <posx>0</posx>
                            <posy>0</posy>
                            <width>400</width>
                            <height>25</height>
                            <texture border="4">item-focus.png</texture>
                        </control>
                        <control type="label">
                            <posx>10</posx>
                            <posy>1</posy>
                            <width>380</width>
                            <height>22</height>
                            <font>font18</font>
                            <aligny>center</aligny>
                            <textcolor>blue</textcolor>
                            <shadowcolor>black</shadowcolor>
                            <selectedcolor>green</selectedcolor>
                            <align>left</align>
                            <info>ListItem.Label</info>
                        </control>          
                    </focusedlayout>
                </control>
            </control>
            
            <!-- Control for Label2 -->
            <control type="group">
                <visible>substring(Control.GetLabel(30002),label2) + !substring(Control.GetLabel(30001),thumb)</visible>
                <posx>-30</posx>
                <posy>0</posy>
                <control type="image">
                    <posx>0</posx>
                    <posy>0</posy>
                    <width>470</width>
                    <height>730</height>
                    <texture border="40,30,35,30">panel-default.png</texture>
                </control>
                <control type="label" id="30010">
                    <posx>40</posx>
                    <posy>20</posy>
                    <label>32020</label>
                    <width>400</width>
                    <height>48</height>
                    <font>font18</font>
                    <aligny>center</aligny>
                    <textcolor>white</textcolor>
                    <align>left</align>
                </control>
                <control type="list" id="30051">
                    <posx>40</posx>
                    <posy>17</posy>
                    <width>540</width>
                    <height>690</height>
                    <scrolltime>200</scrolltime>
                    <viewtype label="list2">list</viewtype>
                    <itemlayout height="46">
                        <control type="label">
                            <posx>10</posx>
                            <posy>1</posy>
                            <width>380</width>
                            <height>22</height>
                            <font>font18</font>
                            <aligny>center</aligny>
                            <textcolor>white</textcolor>
                            <shadowcolor>black</shadowcolor>
                            <selectedcolor>green</selectedcolor>
                            <align>left</align>
                            <info>ListItem.Label</info>
                        </control>    
                        <control type="label">
                            <posx>10</posx>
                            <posy>22</posy>
                            <width>380</width>
                            <height>20</height>
                            <font>font16</font>
                            <aligny>center</aligny>
                            <textcolor>FFCCCCCC</textcolor>
                            <shadowcolor>black</shadowcolor>
                            <align>left</align>
                            <label>[I]$INFO[ListItem.Label2][/I]</label>
                        </control>               
                    </itemlayout>
                    <focusedlayout height="46">
                        <control type="image">
                            <posx>0</posx>
                            <posy>0</posy>
                            <width>400</width>
                            <height>46</height>
                            <texture border="4">item-focus.png</texture>
                        </control>
                        <control type="label">
                            <posx>10</posx>
                            <posy>1</posy>
                            <width>380</width>
                            <height>22</height>
                            <font>font18</font>
                            <aligny>center</aligny>
                            <textcolor>blue</textcolor>
                           <shadowcolor>black</shadowcolor>
                            <selectedcolor>green</selectedcolor>
                            <align>left</align>
                            <info>ListItem.Label</info>
                        </control>    
                        <control type="label">
                            <posx>10</posx>
                            <posy>22</posy>
                            <width>380</width>
                            <height>20</height>
                            <font>font16</font>
                            <aligny>center</aligny>
                            <textcolor>lightblue</textcolor>
                           <shadowcolor>black</shadowcolor>
                            <align>left</align>
                            <label>[I]$INFO[ListItem.Label2][/I]</label>
                        </control>           
                    </focusedlayout>
                </control>
            </control>

            <!-- Control for Thumbs -->
            <control type="group">
                <visible>substring(Control.GetLabel(30001),thumb)</visible>
                <posx>0</posx>
                <posy>0</posy>
                <control type="image">
                    <posx>0</posx>
                    <posy>0</posy>
                    <width>470</width>
                    <height>780</height>
					<texture border="2" flipy="false" flipx="true">gradient.png</texture>
                </control>
                <control type="label" id="30010">
                    <posx>40</posx>
                    <posy>20</posy>
                    <label>32020</label>
                    <width>400</width>
                    <height>40</height>
                    <font>font18</font>
                    <aligny>center</aligny>
                    <textcolor>white</textcolor>
                    <align>left</align>
                </control>
                <control type="panel" id="30052">
                    <posx>20</posx>
                    <posy>3</posy>
                    <width>640</width>
                    <height>710</height>
					<orientation>vertical</orientation>
                    <scrolltime>200</scrolltime>
                    <viewtype label="list3">list</viewtype>
                    <itemlayout height="100" width="540">
                        <control type="image">
                            <posx>7</posx>
                            <posy>7</posy>
                            <width>160</width>
                            <height>100</height>
							<texture diffuse="video-diffuse.png" background="true">$INFO[ListItem.Thumb]</texture>
                            <info>Listitem.Thumb</info>
                        </control>
                        <control type="label">
                            <posx>190</posx>
                            <posy>30</posy>
                            <width>460</width>
                            <height>22</height>
                            <font>font14</font>
                            <aligny>center</aligny>
                            <textcolor>white</textcolor>
                            <shadowcolor>black</shadowcolor>
                            <selectedcolor>green</selectedcolor>
                            <align>left</align>
                            <info>ListItem.Label</info>
                        </control>
                         <control type="label">
                            <posx>190</posx>
                            <posy>60</posy>
                            <width>460</width>
                            <height>20</height>
                            <font>font16</font>
                            <aligny>center</aligny>
                            <textcolor>FFCCCCCC</textcolor>
                            <shadowcolor>black</shadowcolor>
                            <align>left</align>
                            <label>[I]$INFO[ListItem.Label2][/I]</label>
                        </control>           
                    </itemlayout>
                    <focusedlayout height="100" width="540">
                        <control type="image">
                            <posx>185</posx>
                            <posy>28</posy>
                            <width>450</width>
                            <height>56</height>
                            <texture border="4">item-focus.png</texture>
                        </control>
                        <control type="image">
                            <posx>7</posx>
                            <posy>7</posy>
                            <width>160</width>
                            <height>100</height>
							<texture diffuse="video-diffuse.png" background="true">$INFO[ListItem.Thumb]</texture>
							<aspectratio>keep</aspectratio>
							<animation type="focus">
								<effect type="zoom" start="100" end="123" center="auto" time="200" reversible="false"/>
							</animation>
							<animation type="unfocus">
								<effect type="zoom" start="123" end="100" center="auto" time="200" reversible="false"/>
							</animation>
                            <info>Listitem.Thumb</info>
                        </control>
                        <control type="label">
                            <posx>190</posx>
                            <posy>30</posy>
                            <width>460</width>
                            <height>22</height>
                            <font>font14</font>
                            <aligny>center</aligny>
                            <textcolor>blue</textcolor>
                            <shadowcolor>black</shadowcolor>
                            <selectedcolor>green</selectedcolor>
                            <align>left</align>
                            <info>ListItem.Label</info>
                        </control>
                         <control type="label">
                            <posx>190</posx>
                            <posy>60</posy>
                            <width>460</width>
                            <height>20</height>
                            <font>font16</font>
                            <aligny>center</aligny>
                            <textcolor>lightblue</textcolor>
                            <shadowcolor>black</shadowcolor>
                            <align>left</align>
                            <label>[I]$INFO[ListItem.Label2][/I]</label>
                        </control>           
                    </focusedlayout>
                </control>
            </control>
        </control>
    </controls>
</window>
