<?xml version="1.0" encoding="UTF-8" standalone="yes"?>
<addon id="plugin.video.vimeo" name="Vimeo" version="4.1.2" provider-name="bromix">
	<requires>
		<import addon="xbmc.python" version="2.14.0"/>
	</requires>
	<extension point="xbmc.python.pluginsource" library="default.py">
		<provides>video</provides>
	</extension>
	<extension point="xbmc.addon.metadata">
		<summary lang="en">Plugin for Vimeo</summary>
        <description lang="en">Vimeo is a one of the biggest video-sharing websites of the world.</description>
		<summary lang="de">Plugin für Vimeo</summary>
        <description lang="de">Vimeo ist ein eines der größten Video-Sharing-Websites der Welt.</description>
        <disclaimer lang="en"></disclaimer>
		<language></language>
		<platform>all</platform>
		<license>GNU GENERAL PUBLIC LICENSE. Version 2, June 1991</license>
		<forum>http://forum.kodi.tv/showthread.php?tid=220437</forum>
		<website>www.vimeo.com</website>
		<email>bromix at gmx dot net</email>
		<source>https://github.com/bromix/plugin.video.vimeo</source>
	</extension>
</addon>
