<?xml version="1.0" encoding="UTF-8" standalone="yes"?>
<addon id="plugin.video.tvpokerpro"	name="TV Poker Pro"	version="1.0.0"	provider-name="higor">
  <requires>
    <import addon="xbmc.python" version="2.13.0"/>
    <import addon="plugin.video.youtube" version="3.0.0"/>
  </requires>
  <extension point="xbmc.python.pluginsource" library="tvpokerpro.py">
    <provides>video</provides>
  </extension>
  <extension point="xbmc.addon.metadata">
    <summary lang="en">TV Poker Pro</summary>
	<summary lang="pt_BR">O plugin TV Poker Pro busca os videos do canal TV Poker Pro no YouTube</summary>
    <description lang="en">O plugin TV Poker Pro busca os videos do canal TV Poker Pro no YouTube.</description>
	<description lang="pt_BR">O plugin TV Poker Pro busca os vídeos no site do YouTube para reproduzí-los no KODI</description>
    <platform>all</platform>
	<website>https://www.youtube.com/user/Tvpokerpro</website>
  </extension>
</addon>
