<?xml version="1.0" encoding="UTF-8" standalone="yes"?>
<addon id="plugin.video.akkaripoker"	name="Akkari Poker"	version="1.0.0"	provider-name="higor">
  <requires>
    <import addon="xbmc.python" version="2.13.0"/>
    <import addon="plugin.video.youtube" version="3.0.0"/>
  </requires>
  <extension point="xbmc.python.pluginsource" library="akkaripoker.py">
    <provides>video</provides>
  </extension>
  <extension point="xbmc.addon.metadata">
    <summary lang="en">O plugin Akkari POKER busca os videos do canal do jogador Andre Akkari no YouTube.</summary>
    <description lang="en">Assista aos videos do Akkari diretamente no KODI.</description>
    <platform>all</platform>
  </extension>
</addon>
