<?xml version="1.0" encoding="UTF-8" standalone="yes"?>
<addon id="plugin.audio.wimp" name="WiMP" version="1.1.1" provider-name="takoi">
    <requires>
        <import addon="xbmc.python" version="2.14.0"/>
        <import addon="script.module.requests" version="2.3.0"/>
        <import addon="script.module.routing" version="0.1.0"/>
    </requires>
    <extension point="xbmc.python.pluginsource" library="addon.py">
        <provides>audio</provides>
    </extension>
    <extension point="xbmc.addon.metadata">
        <summary lang="en">WiMP music add-on</summary>
        <description lang="en">Play music from WiMP music streaming service. Visit wimpmusic.com for details.</description>
        <disclaimer lang="en">This is an unofficial client and is not supported nor endorsed by WiMP.</disclaimer>
        <license>GNU GENERAL PUBLIC LICENSE. Version 3, 29 June 2007</license>
        <platform>all</platform>
        <language>en de dk no sv pl</language>
        <forum>http://forum.xbmc.org/showthread.php?tid=200555</forum>
        <source>https://github.com/tamland/xbmc-wimp</source>
    </extension>
</addon>
