<?xml version="1.0" encoding="UTF-8" standalone="yes"?>
<addon id="repository.kodibrasilforum" name="KodiBrazil Forum Repository" version="1.0.0" provider-name="Wanilton">
	<extension point="xbmc.addon.repository" name="KodiBrazil Forum Repository">
		<info compressed="false">http://raw.github.com/kodibrasil/kodibrazilforum/master/addons.xml</info>
		<checksum>http://raw.github.com/kodibrasil/kodibrazilforum/master/addons.xml.md5</checksum>
		<datadir zip="true">http://raw.github.com/kodibrasil/kodibrazilforum/master/repo</datadir>
	</extension>
	<extension point="xbmc.addon.metadata">
		<summary>Kodi Brazil Forum Repository Addon</summary>
		<description>Official Repository Kodi Brazil Forum</description>
		<disclaimer></disclaimer>
		<platform>all</platform>
	</extension>
</addon>
