<?xml version="1.0" encoding="UTF-8" standalone="yes"?>
<addon id="plugin.video.papodehomem"
	name="Papo de Homem"
	version="1.0.0"
	provider-name="Wanilton">
  <requires>
    <import addon="xbmc.python" version="2.1.0"/>
    <import addon="plugin.video.youtube" version="3.0.0"/>
  </requires>
  <extension point="xbmc.python.pluginsource" library="default.py">
    <provides>video</provides>
  </extension>
  <extension point="xbmc.addon.metadata">
    <summary lang="en">Papo de Homem</summary>
    <description lang="en">Awesome Papo de Homem videos from YouTube.</description>
    <platform>all</platform>
  </extension>
</addon>
