<?xml version="1.0" encoding="UTF-8" standalone="yes"?>
<addon id="plugin.video.caiopessagno"	name="Caio Pessagno POKER"	version="1.0.0"	provider-name="higor">
  <requires>
    <import addon="xbmc.python" version="2.13.0"/>
    <import addon="plugin.video.youtube" version="3.0.0"/>
  </requires>
  <extension point="xbmc.python.pluginsource" library="caiopessagno.py">
    <provides>video</provides>
  </extension>
  <extension point="xbmc.addon.metadata">
    <summary lang="en">O plugin Caio Pessagno POKER Busca videos no canal do Pessagno</summary>
    <description lang="en">O plugin Caio Pessagno POKER busca os videos do jogador de poker pessagno no youtube.</description>
    <platform>all</platform>
  </extension>
</addon>
