<?xml version="1.0" encoding="UTF-8" standalone="yes"?>
<addon id="plugin.video.PortadosFundos"	name="Porta dos Fundos"	version="1.0.1"	provider-name="wanilton">
  <requires>
    <import addon="xbmc.python" version="2.1.0"/>
    <import addon="plugin.video.youtube" version="3.0.0"/>
  </requires>
  <extension point="xbmc.python.pluginsource" library="default.py">
    <provides>video</provides>
  </extension>
  <extension point="xbmc.addon.metadata">
    <summary lang="en">Porta dos Fundos</summary>
    <description lang="en">Vídeos do Canal Porta dos Fundos no Youtube.</description>
    <platform>all</platform>
  </extension>
</addon>
