<window>
	<coordinates>
		<system>1</system>
        <posx>340</posx>
        <posy>50</posy>
	</coordinates>
	<controls>
		<control type="group">
			<control type="image" id="2">
				<description>background image</description>
				<posx>0</posx>
				<posy>0</posy>
				<width>590</width>
				<height>680</height>
				<texture border="20">ConfluenceDialogBack.png</texture>
			</control>
            <control type="label">
                <label>$ADDON[script.trakt 32148]</label>
                <posx>20</posx>
                <posy>20</posy>
                <width>560</width>
                <height>60</height>
                <font>font13</font>
                <textcolor>white</textcolor>
                <align>center</align>
                <aligny>center</aligny>
                <wrapmultiline>true</wrapmultiline>
            </control>
            <control type="image">
                <posx>20</posx>
                <posy>100</posy>
                <width>550</width>
                <height>550</height>
                <texture border="5">qrCode.png</texture>
            </control>
		</control>
	</controls>
</window>