<?xml version='1.0' encoding='UTF-8' standalone='yes'?>
<addon id="plugin.video.vimeo" name="Vimeo" provider-name="TheCollective,t1m" version="3.6.8">
  <requires>
    <import addon="xbmc.python" version="2.1.0" />
    <import addon="script.common.plugin.cache" version="2.5.2" />
    <import addon="script.module.parsedom" version="2.5.1" />
    <import addon="script.module.simple.downloader" version="1.9.4" />
  </requires>
  <extension library="default.py" point="xbmc.python.pluginsource">
        <provides>video</provides>
  </extension>
  <extension point="xbmc.addon.metadata">
    <platform>all</platform>
    <language />
    <summary lang="en">Vimeo video plugin</summary>
    <description lang="en">Plugin that allows you to browse and view videos from everybodys favorite alternative video site!</description>
    <summary lang="bg">Видео добавка за Vimeo</summary>
    <description lang="bg">Добавката ви позволява да разглеждате и гледате видео клипове от любимия на всички алтернативен видео сайт!</description>
  </extension>
</addon>