<?xml version="1.0" encoding="UTF-8" standalone="yes"?>
<addon id="plugin.video.amigosporcarros"	name="Amigos por Carros"	version="1.0.0"	provider-name="higor">
	<requires>
		<import addon="xbmc.python" version="2.13.0"/>
		<import addon="plugin.video.youtube" version="3.0.0"/>
	</requires>
	<extension point="xbmc.python.pluginsource" library="amigosporcarros.py">
		<provides>video</provides>
	</extension>
	<extension point="xbmc.addon.metadata">
		<summary lang="en">O Plugin busca videos do canal automotivo Amigos por Carros no youtube.</summary>
		<description lang="en">Um programa jovem, dinâmico, moderno e descontraído. 4 amigos com gostos e preferências completamente diferentes discutem sobre o mercado de carros esportivos e luxo. Novidades, tendências, mercado e outros assuntos ligado ao mundo dos carros importados.[CR]
			Conheça um pouco mais do perfil de William, Leone, Cadu e Korn.[CR]
			Acessem o site e fiquem por dentro: www.amigosporcarros.com
		</description>
		<platform>all</platform>
	</extension>
</addon>
