<colors>
  <color name="white">FFFFFFFF</color>
  <color name="white2">FFe5e5e5</color>
  <color name="white3">abFFFFFF</color>
  <color name="white4">FFdfdfdf</color>
  <color name="white5">48FFFFFF</color>
  <color name="white6">d0FFFFFF</color>
  <color name="grey">FFa4a4a4</color>
  <color name="grey2">88FFFFFF</color>
  <color name="grey3">33FFFFFF</color>
  <color name="black">FF000000</color>
  <color name="blue">FF0084ff</color>
  <color name="selected">9b3cd2fd</color>
  <color name="dialogheader">DDced8da</color>
  <color name="red">FFCE4421</color>
  <color name="floor">FFFFFFFF</color>
  <color name="high">FFC61F26</color>
  <color name="low">FF0055be</color>
  <color name="green">FF00FF00</color>
  <color name="yellow">FFFFFF00</color>
  <color name="orange">FFFEAF33</color>
  <color name="default">FFFFFFFF</color>
  <color name="rss_headline">FF0055be</color>
  <color name="floorshadow">00000000</color>
  <color name="vignette">FFFFFFFF</color>
  <color name="osdseek">FFececec</color>  
  <color name="context">abFFFFFF</color>
  <color name="bclabel">88ffffff</color>
  <color name="bcicon">80ffffff</color>
  <color name="bcshadow">00ffffff</color>
  <color name="time">FFe5e5e5</color>
  <color name="clock">FFFFFFFF</color>
  <color name="floorlabel">abFFFFFF</color>
  <color name="diffuse_white">FF6db9e5</color>
  <color name="backgroundcolor">FF000000</color>
  <color name="invalid">FFFF0000</color>
</colors>